astro_id,disp_p,disp_e,disp_n,disp_j
5916,0.9985709,0.00043760022,0.0001579546,0.00083353586
10164,0.98317474,0.0016574664,0.0018022883,0.013365463
10772,0.99972636,3.3234028e-05,1.2419394e-05,0.00022794116
1105,0.15651028,0.8402208,0.0016012115,0.0016677139
2415,0.05216065,0.9436584,0.0021428738,0.002037987
2038,0.050650887,0.94584036,0.0016978842,0.0018109251
6215,0.9968767,0.0007165338,0.00032435672,0.002082271
8612,0.99581414,0.0028308714,0.00045049618,0.0009045135
10520,0.9992724,0.00021988299,9.449955e-05,0.00041316033
9428,0.99988794,6.488791e-05,1.3206886e-05,3.3950146e-05
4762,0.9893839,0.0057695196,0.0008961157,0.003950374
5474,0.93949765,0.059855595,0.00036356048,0.0002832352
5397,0.9988337,0.0008064596,0.00012346056,0.0002363246
6819,0.9946837,0.0044974904,0.00034500688,0.00047386743
2258,0.044191852,0.95101357,0.002171191,0.002623392
6640,0.98702174,0.0046495614,0.0015295858,0.006799161
621,0.0103714,0.98955065,5.1445764e-05,2.6489235e-05
4374,0.99882334,0.00070437,0.00015000849,0.00032217603
6524,0.99577975,0.0021709718,0.00048397525,0.0015652276
4340,0.8594168,0.13997746,0.0003543696,0.00025139307
1925,0.41313544,0.5818878,0.002231992,0.002744795
4263,0.9967391,0.00283126,0.00018198132,0.00024769787
7427,0.9995648,0.00022842153,5.3024956e-05,0.00015376428
27897,0.0011609531,0.0021260832,0.0005431994,0.99616975
9393,0.9792778,0.0013385643,0.0019224639,0.017461225
3526,0.92078084,0.063567616,0.0042478098,0.011403752
4011,0.98527455,0.01355442,0.00052476407,0.0006463002
4237,0.90938133,0.0870291,0.0016906764,0.0018988402
8068,0.99445444,0.004501961,0.0004659665,0.0005776722
3722,0.0031495374,0.9968143,2.3600238e-05,1.2560113e-05
2733,0.0018387879,0.9981212,2.5095766e-05,1.4888442e-05
1485,0.00026552856,0.9997056,1.3963876e-05,1.4915703e-05
10530,0.9081697,0.011453618,0.006738351,0.07363839
1388,0.00014597249,0.9998454,4.5555084e-06,4.0079562e-06
5033,0.99425745,0.00528737,0.00023357575,0.00022150137
26466,0.000121175435,0.0014567731,7.878181e-05,0.9983432
7255,0.9927313,0.00644266,0.00032334137,0.0005026886
7657,0.96304274,0.027118048,0.0030821082,0.006757128
10267,0.9996412,5.2627223e-05,2.673741e-05,0.00027939538
10905,0.9831346,0.001658271,0.0018037244,0.013403421
293,0.17300066,0.8026801,0.008606652,0.015712617
5823,0.99883753,0.00050386565,0.00016116229,0.00049739674
3218,0.16296998,0.15221097,0.030283697,0.6545354
334,0.0052789957,0.99461114,6.630652e-05,4.3567772e-05
27557,0.12358237,0.005698852,0.005504263,0.8652145
2883,0.11175176,0.8756214,0.005388305,0.007238548
3225,0.8368022,0.13608935,0.007753231,0.019355185
6646,0.92835546,0.028092671,0.0052212602,0.038330644
28362,0.0015367676,0.052954033,0.0010988966,0.94441026
7056,0.99713886,0.0021286702,0.00025803252,0.00047438586
6746,0.99756783,0.0018221212,0.0002314465,0.00037865245
3919,0.9852497,0.01323561,0.00071452593,0.000800075
5008,0.9991358,0.00040058207,9.818423e-05,0.00036548605
8336,0.9990746,0.0004274784,0.00011407657,0.00038393302
8278,0.98865753,0.0053874874,0.00126125,0.0046937633
4290,0.90536064,0.09131661,0.0014472926,0.00187549
1754,0.009279746,0.9878248,0.0012018363,0.0016935521
2824,0.5458625,0.44206113,0.005247193,0.0068291435
9241,0.9980136,0.0016346946,0.00015666525,0.00019498813
4451,0.9809154,0.017761,0.0006173221,0.000706228
4502,0.997373,0.0023521385,0.00011974217,0.00015520473
3206,0.005903852,0.9894756,0.0012877564,0.0033327716
2359,0.30916035,0.67061085,0.0065983594,0.013630431
3438,0.014644041,0.98326415,0.0009755838,0.0011162208
3008,0.24711907,0.7256558,0.010377785,0.016847337
4018,0.6713,0.31919372,0.0037010023,0.0058052973
6397,0.99411124,0.005068011,0.00037237082,0.00044841573
8408,0.9973126,0.0023364609,0.00016241746,0.00018849221
6886,0.98326117,0.016177043,0.00030894822,0.0002529146
587,0.0024342553,0.9972203,0.0001438349,0.00020160142
2972,0.5478705,0.44959453,0.0013812853,0.0011536283
8723,0.994426,0.0047696563,0.0003344991,0.00046984982
27276,0.0013259022,0.0016255149,0.00054468913,0.99650395
8206,0.99197,0.005151276,0.00096243504,0.0019162496
28293,0.00149093,0.0013896173,0.00056452595,0.996555
10682,0.6942587,0.025841812,0.02252371,0.25737587
3032,0.25400373,0.7262227,0.0070115034,0.012762056
4187,0.99801,0.00018636406,0.00010664525,0.0016971119
287,0.0011046506,0.9756269,0.000752764,0.022515697
10584,0.9832382,0.0016564792,0.0018003364,0.013305033
9896,0.8079892,0.029087845,0.0183547,0.14456834
3753,0.03634279,0.6328392,0.016596984,0.314221
1144,0.9683524,0.029981282,0.00075124163,0.0009150325
10359,0.9937032,0.0022840062,0.00091614877,0.0030966795
4848,0.95353115,0.0040781256,0.0030160712,0.039374728
4765,0.99766266,0.0020645175,0.00013425837,0.00013853656
28115,0.0075344713,0.041408326,0.0041272664,0.94692993
3587,0.03446152,0.96171796,0.0016503625,0.0021702016
5046,0.9916922,0.0041131084,0.0007749978,0.0034197962
6112,0.9959501,0.003507055,0.0002393737,0.0003034527
1624,0.0076261996,0.9923304,2.8859267e-05,1.4577722e-05
28878,0.6829985,0.0062227556,0.0041596023,0.3066192
77,0.13092233,0.75466156,0.020908633,0.093507536
6784,0.99574476,0.002876891,0.00043062118,0.00094779185
7485,0.96358943,0.030282414,0.002144014,0.003984101
9698,0.02939184,0.008706817,0.0040320125,0.95786923
4934,0.9957112,0.0035420284,0.00030532345,0.00044144507
3100,0.31828532,0.6767944,0.002557194,0.002363094
5763,0.99827623,0.0012152988,0.00018535247,0.00032317292
26507,0.0019147435,0.00581116,0.00078830594,0.9914858
5018,0.95299846,0.045729104,0.00058982667,0.00068250997
28335,0.00010621846,6.1236846e-05,1.9245374e-05,0.9998134
7839,0.9983891,0.0005224496,0.00019673408,0.0008916809
89,0.005316822,0.9942761,0.0002066112,0.00020057402
1733,0.0090938285,0.988868,0.0009067031,0.0011315256
2097,0.0044565764,0.99531883,0.00012864594,9.5903066e-05
6301,0.9989298,0.000675448,0.00013232268,0.00026246606
8052,0.9970425,0.002263731,0.0002448628,0.00044887536
27489,0.0011503196,0.0020676015,0.0007026514,0.9960795
4842,0.99799466,0.0016058579,0.00017207296,0.00022744542
1201,0.99757534,0.002014649,0.00017868566,0.00023137605
1125,0.029286187,0.9703663,0.0002210508,0.0001264543
5622,0.999276,0.000451638,7.74274e-05,0.00019504901
10304,0.98327535,0.0016559187,0.0017991882,0.013269546
6264,0.9777908,0.021229276,0.0004948772,0.0004851037
3766,0.09473467,0.9018304,0.0017956088,0.0016393575
744,0.7331936,0.24923645,0.0077818134,0.0097881025
2798,0.08697149,0.9104014,0.0014395879,0.0011874795
484,0.55630916,0.44128492,0.0013211685,0.0010847342
2363,0.00443488,0.9952991,0.00014755622,0.00011847546
6828,0.9982303,0.0014229364,0.00013745288,0.00020934369
5038,0.99828404,0.0014199895,0.00012817608,0.00016781414
7895,0.9982672,0.0013436164,0.00015653552,0.0002326097
4946,0.91442204,0.08385018,0.0008744452,0.00085330487
8064,0.9994418,0.00029944032,7.759949e-05,0.00018113211
3601,0.05816426,0.94023603,0.0007703992,0.0008292352
8748,0.9671417,0.009209864,0.0040822155,0.01956614
96,8.863087e-05,0.99990606,2.787595e-06,2.479232e-06
7175,0.99555886,0.0034580694,0.0003703568,0.0006127096
10384,0.99842465,0.0003556241,0.00020457915,0.0010151165
4647,0.9991435,0.00062833837,8.45512e-05,0.000143704
7562,0.9982475,0.0012304583,0.00017530519,0.00034675817
5405,0.8759879,0.12030306,0.0017172017,0.0019919067
8395,0.99675506,0.002728283,0.00022639257,0.00029024863
26534,5.3975513e-05,7.772355e-05,1.4706829e-05,0.9998536
28002,0.00075692026,0.00094439375,0.00025613487,0.99804246
3179,0.0424801,0.93529785,0.007046831,0.015175287
10649,0.99994624,2.8090635e-05,6.0277152e-06,1.9640594e-05
4008,0.991886,0.0069024353,0.0004925643,0.0007190243
28477,0.0016954271,0.0028277524,0.0008233127,0.99465346
2576,0.0053576953,0.9945977,2.9644601e-05,1.4910351e-05
4720,0.990625,0.0083387215,0.00046750612,0.0005687403
1407,0.08108168,0.91781825,0.0006066387,0.000493457
6885,0.9861989,0.005505784,0.0011520863,0.0071431804
7978,0.91627955,0.061131675,0.0057972977,0.016791506
3807,0.010412178,0.9894701,7.454132e-05,4.3190357e-05
10761,0.99603266,0.0003011785,8.5975305e-05,0.00358011
27798,0.00017965189,0.00023072533,4.897775e-05,0.9995407
26427,0.010734327,0.034593668,0.006125601,0.94854635
316,0.40595856,0.5849141,0.0040731677,0.005054185
7643,0.983368,0.0152054485,0.00064343493,0.000783058
8639,0.98430496,0.014728643,0.00047577906,0.000490671
10841,0.9831109,0.0016587425,0.0018045671,0.01342571
8905,0.959625,0.039014637,0.0006477169,0.000712704
3069,0.21676552,0.7802222,0.0016562692,0.0013560556
48,0.948721,0.04963583,0.00069810805,0.00094501313
15,0.053681284,0.53357005,0.018322362,0.39442632
10116,0.98325056,0.0016562914,0.0017999529,0.013293188
6204,0.9648985,0.033657428,0.0006716112,0.00077241694
4368,0.9662073,0.032012157,0.0008208482,0.0009596843
9474,1.0,0.0,0.0,0.0
8594,0.9818886,0.01746731,0.00034828368,0.00029586995
28009,0.014851253,0.009373117,0.0041213883,0.97165424
6947,0.997727,0.0011072647,0.00026833266,0.0008974041
268,0.0018236102,0.99812025,3.4023447e-05,2.215171e-05
10966,0.98315907,0.0016577777,0.0018028459,0.013380235
27230,0.00017018282,0.00027608755,6.447674e-05,0.9994892
6128,0.99706584,0.0021947774,0.00027745074,0.00046193614
1728,0.11385926,0.8850344,0.0006917728,0.00041467315
9119,0.99785525,0.0017515469,0.00016764786,0.00022549936
7837,0.92447716,0.071243204,0.0020219625,0.0022576486
6436,0.9565268,0.04112966,0.001179326,0.001164245
4474,0.97943205,0.019999309,0.0003026779,0.00026603846
5353,0.9989863,0.0005337368,0.00011203511,0.00036783694
8261,0.98650116,0.009973808,0.0013827723,0.0021423437
762,0.9983656,0.0008214418,0.00018297897,0.00063004624
7201,0.9993931,0.00024211676,7.5460666e-05,0.00028931993
2016,0.04371142,0.94718164,0.0031558315,0.005951128
4448,0.99763966,0.0013977605,0.00030126105,0.0006613975
8598,0.9982362,0.001364187,0.00016890572,0.00023064912
2674,0.09668398,0.8976033,0.0026120162,0.003100778
9171,0.9870314,0.0071969545,0.0014980843,0.0042735115
2543,0.97218925,0.013381812,0.0032298535,0.011199113
2373,0.47608942,0.52259624,0.000763136,0.0005512101
2286,0.0006019212,0.99935156,2.557765e-05,2.0839469e-05
6889,0.99744844,0.0021777342,0.00015370395,0.00022016736
3535,0.705839,0.28937554,0.0021897517,0.0025957993
10189,0.91934687,0.001717014,0.0022073383,0.076728754
3392,0.32557985,0.6698809,0.0024251495,0.0021141127
748,0.0033737416,0.9965969,1.9641717e-05,9.747337e-06
8392,0.9981318,0.0016038569,0.000118891534,0.00014553705
9957,0.98308474,0.0016592679,0.0018055071,0.013450592
1040,0.031791374,0.9664786,0.0008133774,0.00091668946
3059,0.0010368762,0.99780244,0.0003286425,0.0008320283
1114,0.19758709,0.76710886,0.012861899,0.022442153
319,0.008645304,0.9877537,0.0013970748,0.002203947
28125,0.006744973,0.019994209,0.0029364212,0.97032446
7087,0.99091876,0.008100414,0.00042129346,0.00055946346
9873,0.9991013,0.0001283444,5.551499e-05,0.0007147902
4897,0.99942124,0.00042630296,4.8952843e-05,0.0001035968
6821,0.99665606,0.0027157583,0.00024857977,0.00037957443
6677,0.9920184,0.0043345825,0.0009208203,0.0027261288
4987,0.9714206,0.026675915,0.0007362166,0.00116737
26723,0.66158855,0.021813126,0.012493423,0.30410492
1746,0.5077268,0.3422037,0.025541978,0.12452749
7299,0.99626106,0.0018247959,0.0005224639,0.0013916136
10362,0.98314375,0.0016580862,0.0018033948,0.013394735
8799,0.9974038,0.0022861345,0.00015196991,0.00015816421
4601,0.99569774,0.0036126699,0.00028496014,0.0004046247
10515,0.99581933,0.00036583538,0.00013310826,0.0036816585
8951,0.998667,0.0010689433,0.000110404966,0.0001536754
4510,0.9207598,0.076061234,0.0014752935,0.0017036689
3391,0.03380702,0.9630244,0.0016801233,0.0014885111
3010,0.07504633,0.9236738,0.0007093763,0.0005704583
5525,0.9969253,0.0009503301,0.0003699622,0.0017543783
10948,0.99879104,0.0008355615,9.80337e-05,0.00027533012
27578,0.0008790976,0.0007986547,0.0003084318,0.99801385
10236,0.9911006,3.7609934e-05,1.199954e-05,0.008849877
26900,0.00063647074,0.0031362146,0.00031573008,0.9959117
145,0.3402086,0.6595688,0.00014066102,8.198154e-05
1962,0.019364709,0.25769478,0.0044483882,0.7184921
7817,0.9473082,0.051688295,0.0005144424,0.0004891774
4307,0.99754995,0.0019700225,0.00017850415,0.00030156193
4980,0.99766016,0.0018864487,0.00018456025,0.0002687655
9101,0.9943045,0.0051806574,0.0002455015,0.0002693888
1965,0.025255729,0.97276694,0.00091918826,0.0010581205
10751,0.9987192,0.0005131509,0.00016364995,0.0006039831
8961,0.99140733,0.0039411695,0.0009757456,0.00367578
1657,0.004009948,0.9904659,0.0012542596,0.0042699096
9262,0.99152315,0.007871037,0.00029489578,0.00031084794
1182,0.0023759152,0.9975426,4.8914168e-05,3.250887e-05
26776,0.83897054,0.031984694,0.012709656,0.11633508
2274,0.0029896002,0.99683666,9.0070076e-05,8.361176e-05
10415,0.9999666,2.1591604e-05,3.5287517e-06,8.25051e-06
9656,0.9900984,0.000549496,0.0002521317,0.009099948
10377,0.99994504,3.479348e-05,5.38435e-06,1.4725268e-05
4069,0.99817324,0.0009556525,0.00022783046,0.0006432866
1036,0.01661604,0.9831722,0.0001303677,8.140731e-05
246,0.9976127,0.00086177245,0.00026553523,0.0012600366
604,0.006861776,0.99295604,0.00011218075,6.999135e-05
26672,0.16735515,0.0015207692,0.0021446752,0.82897943
28778,0.0013061251,0.0027194468,0.0007563051,0.9952181
7580,0.9959699,0.002862175,0.0004037617,0.0007641774
4643,0.93898445,0.060097393,0.0005276317,0.00039062792
6932,0.99923265,0.0005387626,8.575874e-05,0.00014287473
9771,0.994066,0.00011728685,8.538255e-05,0.005731236
8499,0.9946337,0.0039061466,0.00045130102,0.0010088963
7902,0.9979778,0.0015770707,0.00017353891,0.00027162017
26629,0.34970817,0.008045255,0.008113688,0.6341329
8991,0.99457127,0.0037269627,0.00061602634,0.0010857004
3661,0.0012201634,0.99873894,2.4188068e-05,1.6719052e-05
5337,0.9798688,0.017398411,0.0011548589,0.0015779043
7520,0.9868607,0.0078002284,0.0010823737,0.0042567807
6344,0.97299224,0.016526567,0.0028751858,0.0076060058
28777,0.0013526052,0.00045048693,0.0002674849,0.99792945
1537,0.0002863261,0.7223328,0.00019313137,0.27718773
5752,0.9833499,0.016034095,0.0003068975,0.00030912374
7183,0.99814796,0.0013911473,0.00016885763,0.0002920463
10106,0.9993476,0.00014647015,8.675091e-05,0.0004192554
1679,2.8521632e-05,0.9999645,2.0686098e-06,5.0234135e-06
1252,0.14184508,0.85785675,0.00019592127,0.0001022805
2200,0.017815495,0.98199135,0.0001223065,7.0867776e-05
7950,0.99275655,0.006724518,0.00025982066,0.00025909123
9273,0.9982834,0.0011173484,0.00019051779,0.00040875445
7652,0.6403105,0.31075183,0.015334779,0.0336028
4592,0.9976445,0.0020247202,0.00015180057,0.00017892811
368,0.023397183,0.96008956,0.0045141513,0.011999083
4478,0.9885427,0.010350253,0.0005055363,0.00060148764
4447,0.9637969,0.011093769,0.0040479247,0.02106138
1320,0.00035028448,0.99952066,5.006774e-05,7.900263e-05
8558,0.99697113,0.0025833026,0.00019686636,0.00024868446
1847,0.031540696,0.96109617,0.0021562297,0.005206978
8545,0.9912633,0.004320439,0.0013218235,0.0030945041
3145,0.9054059,0.00798274,0.004065589,0.08254585
28776,0.0031032935,0.55263287,0.0025434038,0.4417204
27742,0.00022121122,0.00024625025,9.323565e-05,0.9994392
3261,0.0039590965,0.9942092,0.00067138433,0.0011603573
5449,0.99664885,0.0024812927,0.00032417435,0.00054563663
10741,0.99968827,8.611056e-05,3.7226273e-05,0.00018840858
3553,0.6620087,0.33166525,0.0020920285,0.004234064
10459,0.98256195,0.0017358902,0.0018679234,0.013834254
7954,0.9992235,0.0005537718,6.550086e-05,0.0001572047
5457,0.9512263,0.047779042,0.0005644058,0.0004303247
8301,0.9971341,0.002348294,0.00020229636,0.00031527583
1904,0.06073406,0.90848994,0.009200671,0.021575384
2734,0.0027553798,0.9971296,6.439499e-05,5.067544e-05
7388,0.9995871,0.00028291816,4.106129e-05,8.8917484e-05
3313,0.10911705,0.064160034,0.01847634,0.80824655
2505,0.07876784,0.91843057,0.0014663439,0.0013351181
27983,0.0006488387,0.033109523,0.00054216903,0.96569943
6146,0.98663086,0.01251405,0.00040922605,0.0004458714
1351,0.98681414,0.011707515,0.0006402268,0.0008381662
5401,0.9976719,0.0011625857,0.00029561165,0.00086995383
7784,0.9992186,0.00028446064,0.00010675853,0.00039016287
4332,0.997759,0.0018842055,0.00015677861,0.00020006522
27355,0.002826786,0.013080314,0.0015323071,0.9825606
5266,0.99537766,0.0010765591,0.000549138,0.0029966268
5041,0.8680226,0.117276974,0.004566807,0.01013359
2610,0.04099886,0.958672,0.00019993933,0.00012921025
2904,0.07673846,0.91775054,0.0026532395,0.002857833
933,0.05232844,0.9462354,0.00085783494,0.00057837105
3964,0.4782283,0.51482785,0.0039313366,0.0030125228
5483,0.99826765,0.0009069432,0.00019257642,0.00063279073
8540,0.9944459,0.0050840634,0.00022583794,0.00024414575
5223,0.9845399,0.007988116,0.0013856434,0.006086411
2597,0.19094811,0.807396,0.00096883957,0.00068703276
1086,0.00017542034,0.99980015,1.1384797e-05,1.3014647e-05
27564,0.18917418,0.02478622,0.017213514,0.7688261
26390,0.28069657,0.12289335,0.020278353,0.57613176
10961,0.9999337,2.3060957e-05,8.4595995e-06,3.4825458e-05
8933,0.9945933,0.003452769,0.00065755344,0.0012963717
7794,0.9906108,0.0036066703,0.0010562262,0.004726302
6639,0.99813396,0.0014991574,0.00015364143,0.00021337021
10489,0.99913484,0.00041584563,0.000116031486,0.00033330388
5936,0.98181665,0.017632145,0.0002854799,0.0002657985
7080,0.9983577,0.0010101625,0.00017745481,0.000454628
9212,0.9969758,0.0023538962,0.00026001353,0.00041035062
9431,0.7185791,0.0015865378,0.0023305553,0.27750376
4013,0.9856264,0.01207784,0.0010003321,0.0012954042
2908,0.4001357,0.33751693,0.032900143,0.22944726
27041,0.00094593735,0.0019354004,0.00040547506,0.99671316
9059,0.998762,0.00089126814,0.00012883994,0.00021783967
1613,0.00347183,0.99650145,1.7692622e-05,9.085747e-06
7309,0.9966857,0.0019842065,0.00040780072,0.0009223453
28651,0.20675522,0.0065309335,0.0094884345,0.77722543
27583,0.54035604,0.006872942,0.0057516703,0.4470194
9412,0.91566974,0.026082167,0.00815829,0.050089806
7146,0.9957569,0.0022532067,0.00048019082,0.0015096926
3151,0.048375353,0.00071889453,0.0013316621,0.9495741
8895,0.9966599,0.0021559645,0.00038977887,0.0007944538
4487,0.99756026,0.0019117633,0.00019633,0.000331676
9144,0.9994405,0.00040753273,5.353125e-05,9.841755e-05
1564,0.003587474,0.99634343,4.3266573e-05,2.5857169e-05
6787,0.9986609,0.0008118277,0.00017424829,0.0003530815
4131,0.99874336,0.0006534997,0.00012358617,0.0004795865
9936,0.98846173,1.4753189e-05,2.9446715e-05,0.0114941485
4048,0.9853566,0.0055090515,0.0014341571,0.0077001397
10825,0.9490779,0.016251648,0.006707818,0.027962683
9320,0.99545467,0.0041147433,0.00021185509,0.00021864932
2148,0.13158716,0.8582372,0.004248485,0.0059271357
6143,0.4367139,0.5348811,0.0092192795,0.019185703
27465,0.0062967567,0.19248517,0.004599946,0.79661804
3258,0.47564703,0.3103704,0.023323325,0.19065918
7322,0.9812449,0.010364224,0.0015629495,0.0068279263
1602,0.0071200114,0.99281067,4.394836e-05,2.5448218e-05
5705,0.9956649,0.001127895,0.00031998788,0.002887166
3237,0.21154687,0.786524,0.0010772774,0.00085182395
867,0.42162833,0.5760023,0.0013535299,0.001015834
8770,0.9806773,0.015352397,0.0015264858,0.0024436957
8688,0.997101,0.002124434,0.0002876465,0.00048681768
1557,0.33681813,0.5918725,0.021467604,0.049841803
6417,0.9979358,0.001470792,0.0002203407,0.00037320942
7743,0.9992029,0.00018922101,0.000100327044,0.00050749147
26810,0.35980088,0.01594394,0.016394826,0.6078604
1462,0.004294453,0.99561924,5.4034273e-05,3.220281e-05
27144,5.4068994e-05,9.590271e-05,1.6965474e-05,0.9998331
3998,0.98638994,0.008285922,0.0016109776,0.0037132055
1073,0.26073688,0.7383002,0.00057392457,0.00038899115
7197,0.99451053,0.004980799,0.00024970013,0.00025890252
26709,0.0007705903,0.0012952205,0.00032190725,0.99761224
27797,0.000654111,0.0013550632,0.00027569925,0.9977151
2491,0.10501387,0.8940658,0.00056684425,0.00035348663
28494,0.31330344,0.008401564,0.010242249,0.6680528
6935,0.9990676,0.00038727172,0.000126303,0.00041883145
10142,0.9995214,5.954542e-05,1.2531002e-05,0.0004064895
10517,0.98311156,0.0016587302,0.001804546,0.013425149
7931,0.88270354,0.11586158,0.0007381132,0.00069676485
10387,0.9998597,7.411324e-05,1.5927937e-05,5.019839e-05
4915,0.9861421,0.010711374,0.0010288828,0.0021176569
10137,0.98744255,0.005523882,2.700532e-05,0.007006588
767,0.9690224,0.027288802,0.0015337411,0.0021550355
3262,0.80085886,0.15887485,0.009217447,0.031048842
7752,0.99886924,0.00067890296,0.00013498122,0.00031685954
8335,0.99939406,0.0002840746,8.083149e-05,0.00024104984
3563,0.02899651,0.9646895,0.0025461973,0.0037677756
6103,0.9733018,0.026012398,0.0003678387,0.00031803775
1478,0.98097587,0.018206725,0.00043825555,0.0003791357
2316,0.0059449687,0.982765,0.0021806734,0.0091092605
1004,0.0053519458,0.9900912,0.0012209517,0.0033358391
26931,0.0146105625,0.017002555,0.0052518034,0.96313506
9708,0.06383191,0.9015497,0.00020715292,0.034411244
1012,0.041635152,0.9101376,0.009776272,0.038450975
28741,0.0015236601,0.0017416807,0.00062368,0.996111
2243,0.47418565,0.5240438,0.00095208833,0.00081848976
5608,0.9952226,0.0037896165,0.00037596308,0.0006118569
27793,0.000971532,0.00046762844,0.00024681518,0.998314
1476,0.82393944,0.16630936,0.0036486725,0.006102576
94,0.07560282,0.92419547,0.00013080561,7.0967646e-05
3759,0.1516005,0.8467102,0.0009676856,0.0007215527
8314,0.9975681,0.0018191475,0.00021270613,0.00040009012
7119,0.99283594,0.00637838,0.00040991037,0.00037570298
5187,0.995381,0.003898425,0.00032215053,0.0003984338
1971,0.19926576,0.7951449,0.00245791,0.0031313782
764,0.020254944,0.8334652,0.009799798,0.13648005
417,0.01637419,0.98306066,0.0003189411,0.00024630633
7297,0.51587445,0.48033866,0.0020211432,0.0017657767
26859,0.00059105066,0.010942011,0.00036546556,0.9881015
4317,0.948945,0.016489657,0.0054305517,0.029134916
7377,0.98693174,0.012290643,0.0003846126,0.00039295462
1419,0.45997962,0.5389505,0.00061344245,0.0004564294
26753,0.0019101673,0.0026951062,0.00063630595,0.9947584
922,0.6290898,0.3656338,0.0028801851,0.0023962709
1458,0.9824218,0.016840635,0.0003685647,0.0003690124
2635,0.035539627,0.11125508,0.017261801,0.8359435
1600,0.09739022,0.9023661,0.00016002044,8.376586e-05
10192,0.99989367,6.66508e-05,9.4748175e-06,3.0245195e-05
27438,0.0028281389,0.054809835,0.0011909715,0.9411711
1942,0.02418021,0.53968894,0.0070370613,0.42909378
6599,0.9967655,0.0026865585,0.00022686718,0.0003209847
59,0.045473468,0.9522717,0.0011707462,0.0010840883
2000,0.018046603,0.98156285,0.00022274749,0.00016785073
9173,0.9992834,0.00038289512,8.912135e-05,0.00024463152
3091,0.48773545,0.48054183,0.010833444,0.020889316
3487,0.19304313,0.70807004,0.020663347,0.07822343
26454,0.00064107747,0.0028871677,0.00025312332,0.99621874
93,0.9521673,0.04480911,0.0011856824,0.0018379303
27824,0.037949756,0.0012612931,0.0019740264,0.95881486
7108,0.99784017,0.001182491,0.00029596593,0.0006813753
1623,0.06518329,0.9325529,0.0012329201,0.0010309182
9973,0.5331569,0.0058633187,0.002123694,0.4588561
3367,0.00408517,0.9943521,0.00059094717,0.0009717691
10327,0.9994842,6.0828523e-05,4.3732696e-05,0.00041117423
4977,0.9991622,0.0005479655,9.571167e-05,0.00019408498
1953,0.08153788,0.9168469,0.00089626125,0.0007189344
4436,0.9983456,0.0012390343,0.00015412092,0.00026119946
7417,0.999432,0.00040128615,5.3606556e-05,0.00011305548
1569,0.00041558078,0.9995732,6.036066e-06,5.146767e-06
2352,0.9831797,0.013062444,0.0011510972,0.0026068094
7003,0.9961662,0.00343079,0.00018072486,0.00022226146
10562,0.9831766,0.0016574381,0.0018022334,0.013363754
3777,0.12955873,0.79809135,0.016549954,0.055799916
27568,0.00014869671,0.00018318198,5.279889e-05,0.9996153
27519,0.117355615,0.011078685,0.009943809,0.8616219
8630,0.99351573,0.0027163422,0.0008788523,0.0028891126
213,0.028326383,0.88390887,0.009904608,0.07786018
10938,0.99996436,1.7897875e-05,4.553887e-06,1.3189304e-05
4756,0.99600464,0.0030958608,0.00034069674,0.00055886596
3603,0.053954512,0.93758065,0.003408852,0.0050560865
26849,0.00010047228,0.00022421591,3.6905152e-05,0.9996383
6353,0.99875474,0.0002962273,0.0001375836,0.0008114481
2265,0.85796034,0.13347459,0.00357218,0.0049929013
2873,0.017722772,0.97683525,0.0019136078,0.0035283843
1149,0.488431,0.5107561,0.00049480033,0.00031809948
10030,0.18355204,0.027217885,0.01318231,0.7760478
27503,0.078988805,0.03659402,0.018787945,0.8656292
8583,0.90682566,0.02528594,0.0067949686,0.06109345
2093,0.11595648,0.8818526,0.0011574716,0.0010334305
9304,0.99819094,0.0015832664,0.00010299671,0.00012286649
872,0.6840421,0.20828518,0.02295144,0.08472128
510,0.0026649141,0.9936386,0.00083426025,0.0028621918
766,0.010763733,0.9891874,3.278079e-05,1.605725e-05
3478,0.3643279,0.63235855,0.0017480562,0.0015654971
28326,0.12038158,0.004086166,0.003964808,0.8715675
5886,0.9935707,0.0023937551,0.0007458488,0.003289747
9937,0.9999471,2.8514907e-05,3.6544563e-06,2.0764552e-05
829,0.00041540078,0.99941516,6.0368708e-05,0.00010903333
2482,0.00040200714,0.9992785,8.557263e-05,0.00023389338
9112,0.95813096,0.033497524,0.0026122818,0.0057591926
6280,0.90565133,0.08664021,0.0031241362,0.0045843413
104,0.02476031,0.97346425,0.001005862,0.0007696477
9857,0.90032405,4.6034133e-06,5.7789757e-06,0.09966562
3110,0.28961763,0.709386,0.0005900513,0.00040627643
28770,0.0005098437,0.0020348618,0.0002397711,0.9972155
10611,0.98183125,0.0058512217,0.0026774837,0.0096400445
5169,0.99853194,0.0011521477,0.00011673441,0.00019913114
10066,1.0,4.6519025e-32,4.544943e-30,8.3390775e-15
2305,0.018069524,0.9814445,0.00027720837,0.00020885069
6200,0.99765515,0.001965656,0.00016448897,0.00021468858
9472,0.9997652,3.150578e-05,1.9858948e-05,0.00018340594
5961,0.90360755,0.09502721,0.00077412056,0.0005910732
6647,0.9624803,0.033647537,0.0015804188,0.0022916682
972,0.28412253,0.7152229,0.0004110845,0.0002435408
27737,0.0023489944,0.009113883,0.0011558522,0.98738134
6412,0.95804065,0.04012274,0.0009938726,0.0008426694
7271,0.9713387,0.027451318,0.00058720895,0.00062282896
1922,0.0022921304,0.9974542,0.00013005917,0.00012361877
10056,0.5716855,0.01478314,0.007919012,0.40561235
4176,0.99906486,0.000354562,9.923815e-05,0.00048133248
1949,0.32835588,0.6124109,0.015598601,0.04363454
1048,0.0008285941,0.9988626,9.802754e-05,0.00021070671
4517,0.9949168,0.0031516708,0.0006321069,0.0012994984
4783,0.9984848,0.0013194876,9.200647e-05,0.00010374115
5471,0.9565597,0.0051679155,0.0026142607,0.03565809
10405,0.9999169,5.7563768e-05,8.019701e-06,1.7482509e-05
10781,0.9999031,1.90196e-09,6.355305e-10,9.6916505e-05
9734,0.9999999,3.5626718e-24,1.1637267e-28,1.4615362e-07
5570,0.98062485,0.018469116,0.00048432837,0.0004218103
3337,0.03665373,0.9600567,0.0015979861,0.0016916393
6669,0.96255964,0.03634171,0.0005921005,0.0005066272
9236,0.9558906,0.006100343,0.0034904769,0.034518603
5977,0.9995204,0.00033151105,5.3059524e-05,9.500814e-05
8719,0.99457645,0.0034473012,0.0004235619,0.001552671
5698,0.996407,0.0029582113,0.00027114607,0.0003636421
4558,0.99451077,0.0048792083,0.00028575567,0.0003242152
2237,0.32624474,0.67031866,0.0019483715,0.0014881649
5908,0.95396864,0.039465405,0.0029798006,0.0035861558
27266,0.013554688,0.07060814,0.0062046726,0.90963256
1884,0.6335614,0.30910113,0.013718667,0.043618783
4236,0.99876344,0.00011120556,6.596891e-05,0.0010594251
26614,0.4626435,0.0004830255,0.00081685995,0.53605664
9687,0.98317844,0.0016574096,0.0018021782,0.013362046
2502,0.24756193,0.7479237,0.0023195338,0.0021948877
2423,0.09254315,0.89675885,0.0048636463,0.005834372
1970,0.011509811,0.98830557,0.00011527287,6.930862e-05
2627,0.0018806681,0.99802977,5.2438412e-05,3.71018e-05
1155,0.9740485,0.022722289,0.0011744421,0.0020547218
5182,0.9975055,0.002120451,0.00016292752,0.00021115698
10532,1.0,5.105964e-30,0.0,8.163348e-24
1164,0.65069765,0.3481532,0.00059869915,0.00055039546
7756,0.81428605,0.13200608,0.013933329,0.039774463
654,0.99136984,0.0055586337,0.00076672423,0.0023048334
4836,0.93155026,0.010347593,0.005201248,0.05290096
9450,0.9992508,8.071839e-05,3.831493e-05,0.00063012127
27302,0.14861582,0.0028830704,0.0038636685,0.8446375
4066,0.9894734,0.009333656,0.00055302086,0.0006399908
6073,0.99959105,0.00015515696,5.3983473e-05,0.00019985174
475,0.010543714,0.98939615,4.0763265e-05,1.9408073e-05
10689,0.9558785,0.0020838997,0.0016744669,0.04036308
3414,0.027384544,0.9722616,0.0002257484,0.00012805207
2404,0.007993284,0.99191976,5.5548866e-05,3.130458e-05
4171,0.9824822,0.011522454,0.001972316,0.0040230374
6936,0.9989569,0.00080553634,9.8026605e-05,0.00013958296
6930,0.9964335,0.0032577084,0.00015914171,0.00014964843
2334,0.03493138,0.9647899,0.00016815982,0.00011048107
2538,0.7244355,0.2744844,0.0006295052,0.00045062884
8604,0.99892765,0.0006798948,0.00011354708,0.00027900407
7184,0.9986051,0.00076291926,0.00018132583,0.000450675
1157,0.36468694,0.6336961,0.0009024474,0.0007144418
1945,0.12947698,0.8151983,0.004036413,0.051288337
6346,0.99624133,0.0031209325,0.00028050967,0.0003572498
4188,0.9540953,0.028951598,0.003494228,0.013458807
3726,0.024584347,0.97420055,0.0006632644,0.00055183185
6911,0.9985207,0.0012033544,0.00011654066,0.00015951673
10490,0.9988539,0.0004344007,0.00010522597,0.00060652744
1177,0.03901999,0.9605408,0.00026272508,0.00017653371
7210,0.99888223,0.00082234596,0.00011647561,0.00017897795
4014,0.96252316,0.036124848,0.00067261077,0.00067942747
27859,0.8253966,0.051646467,0.008857784,0.11409919
4816,0.9982503,0.0010157948,0.00021022662,0.00052363216
6446,0.997675,0.0015455327,0.0002637885,0.0005157373
9023,0.9944437,0.002743306,0.00066160096,0.0021513593
1615,0.01713604,0.967454,0.004402112,0.011007927
2125,0.010426391,0.9886003,0.0002625103,0.00071075844
4365,0.13925743,0.8603574,0.00024095032,0.00014414347
2690,0.004118569,0.99127406,0.0010586196,0.003548773
2755,0.049903348,0.9090738,0.008730018,0.032292858
2795,0.8769648,0.11225315,0.004023336,0.0067586
5800,0.90080154,0.09864893,0.00031750905,0.00023204772
624,0.0011052421,0.99825317,0.00022929677,0.00041224167
10439,0.99989605,5.774869e-05,1.2913461e-05,3.3364162e-05
1625,0.001691826,0.9980147,0.0001305189,0.00016295395
28631,0.22873965,0.019267898,0.018398749,0.7335937
9659,0.9752077,0.0023334431,0.0021623457,0.020296507
5429,0.99690044,0.0026649956,0.00019395929,0.0002405844
2719,0.23520945,0.7606043,0.0021041222,0.0020821148
9317,0.9935114,0.005868877,0.00029611026,0.00032364114
9077,0.9992842,0.00043470925,8.247031e-05,0.00019865858
8710,0.2950614,0.0009860966,0.0018334914,0.70211893
20,0.0659042,0.9328049,0.0007276885,0.0005632012
9238,0.99884963,0.0004897237,0.00013895055,0.00052163115
7725,0.9882287,0.011044608,0.000366171,0.00036057073
27118,0.17683895,0.015142995,0.012686583,0.79533154
9063,0.9980925,0.0009708164,0.00023786612,0.00069885614
8704,0.99364716,0.0059472737,0.00020755334,0.0001980076
5720,0.9865025,0.01185058,0.00073382724,0.00091304583
7745,0.9958956,0.0035482415,0.00023862715,0.00031762006
28084,0.002122437,0.0041356753,0.0010851306,0.99265677
6183,0.9962657,0.0031355782,0.00024555167,0.00035318796
3957,0.9978661,0.0012197082,0.00025870235,0.00065541524
26555,0.0006724746,0.0018303524,0.00028301898,0.99721414
857,2.4223655e-05,0.99996424,3.180884e-06,8.423301e-06
7274,0.9897988,0.007485582,0.00085596653,0.0018597032
1792,0.047524944,0.9482594,0.0017381199,0.0024775234
4443,0.99862146,0.000847226,0.00016847631,0.0003627809
1551,0.006699038,0.9932498,2.5953248e-05,2.521095e-05
1292,0.0026487953,0.997332,1.287245e-05,6.3578045e-06
7936,0.8508028,0.029421678,0.010524052,0.109251544
2783,0.06633672,0.9221886,0.004744435,0.006730346
2428,0.032609716,0.96428394,0.0015058453,0.0016004391
5715,0.9980108,0.0016214645,0.00015166542,0.00021607622
7364,0.98096955,0.0056454614,0.0020732721,0.011311739
9510,0.9995714,4.2259573e-05,2.8017244e-05,0.00035830023
10400,0.9996898,0.00011037931,3.8948212e-05,0.00016094855
967,0.99256694,0.0067807934,0.00031201614,0.00034028193
28718,7.04997e-05,2.7522569e-14,1.9412204e-15,0.99992955
8270,0.99104744,0.008018314,0.00042219064,0.0005120965
1519,0.029116252,0.9577573,0.0036185558,0.009507984
28291,0.1903142,0.004449697,0.007274302,0.79796183
3876,0.97854567,0.020600628,0.00045942765,0.00039429462
28402,0.00023039286,0.0007070268,0.00010324886,0.9989593
4078,0.99756926,0.0016750195,0.00022428871,0.0005314781
7653,0.9422802,0.056790415,0.00053231494,0.00039706426
501,0.18932629,0.80968344,0.0006267035,0.0003634883
8524,0.98975694,0.008987224,0.0005348947,0.00072090584
8248,0.9965501,0.003013788,0.00020862513,0.00022745109
9595,1.0,0.0,0.0,2.0608292e-26
10257,0.9995473,3.9588315e-08,8.567552e-09,0.0004526372
5585,0.9991001,0.00032048154,0.00010253263,0.00047694473
8004,0.99933004,0.00052807183,5.717332e-05,8.465478e-05
1518,0.018018696,0.96658975,0.0039090286,0.011482539
4628,0.9921605,0.0071042357,0.00033507455,0.00040013646
10381,0.9894119,0.0010015029,0.00086645957,0.00872019
7879,0.9972166,0.0013602467,0.00036784637,0.0010554068
1797,0.033545338,0.9556437,0.0035547465,0.0072561754
6561,0.998787,0.00075300736,0.00012415506,0.00033587855
7667,0.996326,0.0023752544,0.00038719646,0.0009114885
3968,0.9977786,0.0013993271,0.00022505365,0.00059697864
3102,0.013764272,0.0072073634,0.0031878718,0.9758405
8185,0.98834294,0.011155469,0.0002633081,0.00023830819
27706,0.0006749071,0.0017281673,0.00025827237,0.9973387
2784,0.015483777,0.98104846,0.0013087644,0.0021590034
1146,0.00015750619,0.99981934,1.0147077e-05,1.3140276e-05
3477,0.066990376,0.9307338,0.0010443764,0.0012314471
26414,4.9262244e-06,6.6432017e-07,1.0230842e-07,0.9999943
1303,0.12854779,0.86978686,0.0009009507,0.00076438935
3624,0.03514886,0.9368265,0.006852688,0.021171855
8979,0.9955422,0.0016801545,0.00055396475,0.0022237063
9439,0.98322165,0.0016567277,0.0018008469,0.013320811
6997,0.996135,0.0028631135,0.0002798892,0.00072204135
10101,0.99973947,4.8983376e-05,2.576292e-05,0.00018572685
3813,0.049269296,0.60195625,0.019320615,0.32945386
9862,0.9997198,0.00010462475,3.6478832e-05,0.00013901274
26524,0.61782205,0.056366496,0.019684402,0.30612704
5562,0.9954417,0.0038322557,0.00030335828,0.0004227757
8578,0.99344903,0.0058325655,0.0003100257,0.00040841615
1452,0.8995612,0.09547174,0.0017328246,0.0032342672
9310,0.9977702,0.0017941946,0.00019321444,0.00024247234
7603,0.965212,0.03373594,0.0005372595,0.000514927
6529,0.9966318,0.0026970163,0.0003056334,0.00036555744
7649,0.96171683,0.009039207,0.0029055516,0.026338374
7927,0.9607498,0.019475283,0.0040934286,0.015681455
10230,0.99519557,0.00086441863,0.00029320718,0.0036467891
108,0.003720558,0.9960937,0.0001041018,8.161083e-05
2159,0.03379481,0.9479829,0.002271432,0.01595084
7598,0.99801195,0.0010489086,0.00024010568,0.0006990291
6032,0.9933518,0.005673339,0.0004376445,0.000537123
7498,0.96452343,0.021025801,0.004045581,0.0104051465
28512,0.56401867,0.21329044,0.017712776,0.20497814
2677,0.7813223,0.2118473,0.0028802233,0.0039501986
734,0.9800167,0.0116866,0.0015228142,0.0067738392
6291,0.9819921,0.017265616,0.0004168166,0.0003255304
6903,0.9962657,0.0033563431,0.00018395024,0.00019392547
10316,0.9238251,0.0037620647,0.0049556904,0.06745712
28774,0.00020444179,6.087695e-05,5.4538014e-05,0.99968016
7884,0.9987446,0.001144605,4.5486162e-05,6.519216e-05
5158,0.99444336,0.003227544,0.00065305096,0.001676091
4312,0.9978309,0.001575494,0.00021496817,0.00037854107
2960,0.17603792,0.8217372,0.0012841725,0.0009407494
24,0.011477668,0.9883937,8.4469895e-05,4.4205593e-05
3864,0.8110709,0.1766194,0.0039731865,0.008336528
1568,0.0034943502,0.99645835,3.185853e-05,1.5363423e-05
568,0.001421186,0.9981938,0.00015052337,0.00023457364
10425,0.98327094,0.0016559855,0.0017993252,0.013273759
4144,0.9994696,0.00026245567,5.723881e-05,0.00021070048
4739,0.9992537,0.00048416023,8.172363e-05,0.00018047236
28130,1.8392711e-05,2.651816e-05,4.725861e-06,0.9999503
1315,0.059086572,0.94003624,0.0005058383,0.00037143074
9136,0.9985507,0.0010797442,0.00013249973,0.00023701297
28361,0.007469673,0.003994887,0.0016528056,0.9868826
8964,0.9973266,0.0023084206,0.00016672316,0.00019821538
26433,0.53244805,0.040166087,0.020809209,0.40657672
3956,0.99889827,0.00076762505,0.00011622472,0.00021791285
2503,0.10840071,0.28610057,0.03417855,0.5713201
2331,0.050016273,0.94057107,0.0038063892,0.005606276
223,0.00011231441,0.9998344,1.6603895e-05,3.6629295e-05
6300,0.99891794,0.00017084766,0.00010907016,0.00080214726
27145,0.0029851852,0.0063056974,0.0011095693,0.98959947
6593,0.9859547,0.012190256,0.00077824463,0.0010768517
1226,0.5013947,0.49795273,0.00038510317,0.00026752558
5911,0.98559237,0.0053193034,0.0020109848,0.007077361
783,0.6315141,0.3620659,0.0030864894,0.0033334992
5627,0.9986117,0.0007338781,0.00017531462,0.0004791087
10129,0.9995283,5.3691132e-05,1.8026172e-05,0.00039990697
8240,0.99243987,0.004117116,0.0009390194,0.0025040254
1158,0.0010711687,0.9988925,2.1915754e-05,1.43886255e-05
4995,0.99798167,0.001414211,0.00021645993,0.00038764905
5754,0.9942557,0.005381065,0.00016431147,0.00019902064
3648,0.6763465,0.19361265,0.017957745,0.112083085
1080,0.0031615614,0.9958199,0.0004237559,0.00059475546
9100,0.9683535,0.029160473,0.0012981036,0.0011879266
7451,0.99365765,0.0028055105,0.0007891744,0.0027475615
961,0.99091184,0.008598586,0.00026057597,0.00022889086
7232,0.9942625,0.0047511365,0.00037386798,0.0006125061
6022,0.99684346,0.0017200566,0.00028941638,0.0011470418
2652,0.04894635,0.9505607,0.0002928681,0.00020009962
7811,0.9226646,0.032644127,0.0068439436,0.03784741
10820,0.9997607,0.00015089313,1.8119275e-05,7.036898e-05
26755,0.2130393,0.019463066,0.010011216,0.75748646
322,0.05257694,0.94723326,0.00012312764,6.6678025e-05
2268,0.6969871,0.24187145,0.010010699,0.051130746
5959,0.998042,0.0013924077,0.00022194746,0.00034361065
564,0.18260847,0.8120983,0.0025906847,0.002702474
5960,0.9947266,0.0025469356,0.0006848695,0.0020415417
6473,0.7613911,0.0027702858,0.002945657,0.23289298
5639,0.95009005,0.02838151,0.0042373943,0.017291117
10683,0.9831287,0.0016583883,0.0018039349,0.013408987
10974,0.9832349,0.0016565273,0.0018004368,0.013308148
9530,0.98329675,0.0016555963,0.001798536,0.01324911
28042,0.006410993,0.018058425,0.0034584254,0.9720721
4327,0.99314284,0.0063403607,0.00024978514,0.00026696714
8795,0.9821653,0.008714498,0.0019878228,0.0071324273
10898,0.9997514,0.00013790384,3.519519e-05,7.547756e-05
5574,0.99882025,0.00088097923,0.00010153178,0.00019719181
3821,0.6586525,0.339851,0.00084882724,0.0006476428
3687,0.040935777,0.9564197,0.0013283828,0.0013162056
790,0.0034198684,0.99651635,3.9241637e-05,2.456665e-05
8871,0.9947813,0.004704924,0.00024175317,0.00027201316
1801,0.19864552,0.79960036,0.001019501,0.00073467346
27481,0.0002148237,0.00020786547,7.576226e-05,0.99950147
10964,0.98311585,0.0016586441,0.0018043913,0.013421053
382,0.054651476,0.94417983,0.00065776374,0.0005108867
8783,0.99707067,0.0025987567,0.00015189004,0.00017869682
10535,0.99986887,8.7005006e-05,1.4355189e-05,2.9729328e-05
26894,0.14435452,0.0002789865,0.0006531255,0.8547133
27106,0.0021580793,0.0011114918,0.0006192933,0.9961112
1782,0.5123323,0.46774486,0.007595647,0.012327202
2034,0.04549084,0.95296,0.0008500272,0.00069907296
5992,0.9895298,0.009827978,0.00033682064,0.00030542453
3387,0.019121327,0.9799881,0.00051050534,0.00038003534
4728,0.99235064,0.006505813,0.00048417182,0.0006593594
709,0.0011053712,0.99887305,1.3484604e-05,8.056081e-06
9623,0.9990381,2.1101672e-05,9.77923e-06,0.0009310584
4032,0.9905067,0.0061979,0.0008398695,0.0024555952
1282,0.95067143,0.048505664,0.0003907291,0.00043215754
4,0.004704965,0.9952591,2.4067269e-05,1.1901259e-05
28073,0.030541796,0.0077293767,0.0033300181,0.9583988
9411,0.6325405,0.005470886,0.0030474104,0.35894114
26666,0.05087211,0.0030013248,0.0022876828,0.9438389
1522,0.0032088435,0.9967585,2.1869188e-05,1.08318145e-05
10508,0.9998778,5.918974e-05,1.5706757e-05,4.7262693e-05
28010,1.50349e-08,3.0218144e-12,1.8164116e-11,1.0
10250,0.99779934,0.0016507191,0.00013699567,0.00041288073
909,0.008037584,0.99173474,0.00013681316,9.084236e-05
2846,0.081744485,0.90694124,0.004366725,0.006947459
669,0.0019341706,0.99800485,3.5887315e-05,2.5173518e-05
10169,0.9996251,1.4644984e-05,5.291345e-06,0.00035491312
10372,0.9997316,9.0353446e-05,3.13556e-05,0.00014672766
6462,0.99886656,0.0003003112,0.00012181403,0.00071131915
10167,0.9907912,0.0004486708,0.00043558612,0.008324561
6278,0.6090985,0.38949266,0.0007661223,0.0006427177
5002,0.99615306,0.0033278076,0.00022659787,0.00029256404
8049,0.9995783,0.0003007646,4.071144e-05,8.019345e-05
5970,0.9942901,0.003010764,0.0006951492,0.002003933
9671,0.9983883,0.00067038735,0.00025290833,0.00068843534
7110,0.9992687,0.00022357135,9.4026436e-05,0.00041369756
27052,0.25608218,0.0015787744,0.002915922,0.73942304
26449,0.056332577,0.0055037723,0.005973517,0.93219006
2054,0.39306593,0.019212779,0.013557941,0.5741634
1936,0.44025034,0.55772007,0.0011979919,0.0008316786
512,0.0073060826,0.99191403,0.00039485891,0.00038507584
677,0.07739094,0.90995,0.0055153,0.0071438113
5127,0.9672469,0.031109303,0.0008270768,0.00081668445
8988,0.99900323,0.0007593126,9.896098e-05,0.00013846577
7429,0.99679786,0.002936777,0.00012058516,0.00014479965
1737,0.7598895,0.23720463,0.0015545142,0.0013514344
2896,0.22048011,0.7744307,0.0026090927,0.0024801346
7055,0.90768796,0.09042533,0.00097013393,0.00091656356
26811,0.05935906,0.00068640814,0.00097048684,0.93898404
2436,0.013612965,0.9646462,0.004036318,0.017704535
3862,0.97815996,0.02101881,0.00043075747,0.00039052096
8758,0.9988146,0.0006929125,0.00014160211,0.00035094752
27836,0.00013964312,0.0005665539,0.00010357858,0.99919015
3693,0.01118992,0.98506194,0.0014284895,0.0023196824
26779,0.0054722843,0.19610082,0.0039280425,0.79449886
27111,0.12668,0.0031046765,0.0037937488,0.8664216
9917,0.99994934,2.415888e-05,5.948459e-06,2.0460111e-05
1550,0.054853935,0.94326526,0.000969137,0.00091165764
3183,0.0049283085,0.99502325,3.219922e-05,1.6339245e-05
10311,0.99524313,4.275158e-13,2.8192437e-15,0.0047567845
1190,0.0026060396,0.99736315,2.0249292e-05,1.0513452e-05
969,0.035683803,0.963976,0.00021753945,0.00012265207
8396,0.99755955,0.0014968895,0.00027083163,0.0006727243
7897,0.9957911,0.002807705,0.0003855144,0.0010157689
249,0.019802174,0.7893142,0.011847076,0.17903651
3070,0.34702465,0.64463985,0.0037549725,0.00458055
28624,0.0048402,0.045498796,0.0031604941,0.94650054
81,0.0016916168,0.9943455,0.0003525237,0.0036103537
10548,0.9900159,3.8060844e-05,3.8338916e-05,0.009907739
27795,1.8439863e-05,5.155908e-05,1.055734e-05,0.9999194
3697,0.22440223,0.77294683,0.0014912222,0.0011597082
2924,0.9176311,0.07682443,0.0024080405,0.0031363694
7323,0.9816211,0.016902791,0.0007350543,0.0007409717
5308,0.7767367,0.22050758,0.0013504864,0.0014052046
6876,0.9991861,0.000501756,0.00010301959,0.00020919292
27898,3.1938976e-06,4.5835564e-05,1.897452e-06,0.9999491
8913,0.99818414,0.00087469467,0.00024421705,0.0006968804
26386,0.05594576,0.3541813,0.02297828,0.56689465
2745,0.49676782,0.5004899,0.0015261088,0.0012161979
8536,0.995407,0.00032487427,0.00026582612,0.0040022787
8359,0.46013308,0.006270898,0.0063094525,0.5272866
8852,0.43318206,0.5648436,0.0010600032,0.0009142855
9789,0.98323905,0.0016564656,0.0018003095,0.013304188
4672,0.9988053,0.0008584453,0.00012176255,0.00021453142
8643,0.997615,0.0016388578,0.000263871,0.00048230303
2066,0.019464381,0.9790779,0.0006423433,0.00081547344
2082,0.2881134,0.7095648,0.0012329918,0.0010888032
3797,0.7764004,0.19926745,0.0070223687,0.01730985
8787,0.9991478,0.0006624672,7.8311445e-05,0.00011143152
9845,0.98256195,0.0017358902,0.0018679234,0.013834254
2866,0.079303056,0.919159,0.00080888567,0.00072905596
2031,0.061503213,0.92735916,0.0045805643,0.006557155
9740,0.9998909,7.600909e-05,1.128736e-05,2.1690083e-05
8920,0.98601556,0.010902737,0.0011094293,0.001972298
26763,2.0194553e-05,3.2478714e-05,6.377501e-06,0.9999409
7415,0.99842155,0.0012364213,0.00013132227,0.00021070248
2138,0.095957726,0.8990934,0.002158574,0.0027902995
973,0.024341973,0.97546107,0.00012670031,7.023195e-05
7374,0.9967313,0.0028566334,0.00018494776,0.00022711678
5136,0.99041104,0.008710374,0.0004065811,0.0004720725
9915,0.9999088,1.9115869e-05,7.2941466e-06,6.48054e-05
136,0.002314804,0.9975973,5.1115952e-05,3.6767156e-05
3779,0.043873247,0.8990538,0.01000999,0.047062963
3758,0.3904838,0.5851363,0.009794592,0.014585356
9381,0.9769995,0.0028323645,0.00205932,0.0181088
6065,0.9938857,0.00042595266,0.00028808226,0.0054002367
8724,0.9979855,0.0015581987,0.0001792525,0.00027700225
593,0.0030315327,0.97334504,0.0019279703,0.021695431
3617,0.050160684,0.94646037,0.0016719246,0.0017070594
4090,0.99920386,0.00035548478,9.3160095e-05,0.0003475039
26743,0.09435969,0.008462264,0.0082551045,0.88892287
27417,1.0,0.0,0.0,1.8964521e-21
3995,0.08170294,0.9179252,0.0002316841,0.00014016482
2433,0.10539578,0.89312303,0.0008393808,0.00064177543
26708,0.0018615121,0.0051798355,0.00096366106,0.991995
120,0.37106207,0.6213568,0.0034490514,0.00413209
331,0.034973778,0.96475494,0.00016426564,0.000107015265
28351,0.00053484313,0.00021155736,9.39994e-05,0.9991596
9477,0.98325735,0.00165619,0.001799744,0.013286709
10538,0.983108,0.0016588017,0.0018046729,0.0134285
28435,0.39931685,0.020427885,0.0200028,0.5602525
10557,0.95262283,0.0012233761,0.0020766316,0.044077195
2121,0.008541501,0.98745674,0.001435531,0.0025662272
2780,0.44834003,0.5444527,0.0037454064,0.0034618443
544,0.8460095,0.15286376,0.0005999222,0.0005268487
1610,0.12856132,0.7324515,0.01843231,0.120554835
27994,0.06977095,0.019150073,0.009101018,0.90197796
4986,0.9974189,0.0021598071,0.00018940195,0.00023184843
9699,0.9991296,1.3496856e-05,1.2008863e-05,0.00084499037
8953,0.9984515,0.0012713033,0.00011190178,0.00016531136
3046,0.002498171,0.9952265,0.0006596209,0.0016156292
3857,0.013944221,0.9725699,0.0036272926,0.009858489
1398,0.019679232,0.26504284,0.010354817,0.70492303
27594,0.3216823,0.018893609,0.013641862,0.6457822
8089,0.9978967,0.001714547,0.00015957963,0.00022921534
1494,0.88740456,0.10830851,0.0019111782,0.0023757394
10945,0.99991286,4.592592e-05,1.1957388e-05,2.9249084e-05
2592,0.93623936,0.01272347,0.0061464394,0.044890776
5631,0.988601,0.0099236425,0.0006297059,0.00084569724
9907,0.9832266,0.0016566523,0.0018006928,0.0133160455
27464,0.3540991,0.00025269832,0.0010083179,0.64463985
3969,0.9905951,0.0019236343,0.00066877756,0.0068125105
1377,0.34189263,0.6546875,0.0017868364,0.0016330087
8551,0.4665023,0.5284956,0.0024186887,0.0025834064
2317,0.019867016,0.97415257,0.0019762742,0.004004046
2923,0.45276415,0.5380887,0.0047290493,0.004418112
648,0.78958935,0.20868327,0.0010058914,0.0007215045
3038,0.00647658,0.9927192,0.00040281226,0.000401447
746,0.33117184,0.62690085,0.0106337,0.031293586
6981,0.99823713,0.0015023382,0.000114719776,0.00014574129
34,0.5617458,0.43514046,0.0015819252,0.0015317337
4631,0.9777169,0.020634292,0.0007357204,0.00091299776
10861,0.9831819,0.0016573521,0.0018020687,0.013358667
4876,0.99812335,0.0014886729,0.00016681642,0.00022123667
1265,0.19081852,0.79495543,0.00611906,0.008107068
1323,0.07566752,0.91796094,0.0028430284,0.003528516
2287,0.92488277,0.03134489,0.002474254,0.04129808
638,0.086153485,0.9121917,0.00092099805,0.0007338531
27491,0.0026353232,0.023927871,0.0014178234,0.97201896
8786,0.99558556,0.0026807424,0.0005428889,0.0011908867
4826,0.9991493,0.00063127914,7.661239e-05,0.00014281039
8993,0.7084942,0.28890043,0.0014055783,0.0011998009
3771,0.30872983,0.5887648,0.024990313,0.07751496
7476,0.9996331,0.00018671737,4.5475164e-05,0.00013464803
3185,0.23759621,0.7383262,0.0071315584,0.016946122
10512,0.99983144,8.421561e-05,2.308573e-05,6.122009e-05
6178,0.9743482,0.025081681,0.00030246496,0.00026763201
2457,0.22870788,0.77033675,0.0005588531,0.0003965586
4256,0.99439913,0.0045746285,0.0002178961,0.00080833124
26728,0.06903235,0.014899595,0.012450614,0.9036174
6271,0.99299204,0.0035521719,0.0007909348,0.0026648988
8129,0.9985531,0.0007856374,0.00014169673,0.0005195867
10790,0.99976116,1.5870322e-08,3.1389464e-09,0.00023883824
361,0.0014073299,0.9985671,1.6398752e-05,9.246864e-06
9456,0.9831966,0.0016571195,0.0018016197,0.0133447265
7890,0.9965785,0.0019682588,0.00046907135,0.0009841337
3118,0.035229497,0.9630162,0.00089440437,0.00085987546
26976,0.06713104,0.010829871,0.009868127,0.912171
3351,0.067812234,0.92888325,0.0017583141,0.0015462919
8048,0.9956447,0.0036481058,0.00032930318,0.00037801958
9866,0.99587005,0.001278829,0.0005409775,0.0023101834
266,0.0006168874,0.99936527,1.0585485e-05,7.319343e-06
1333,0.057957765,0.9416662,0.00023129498,0.00014472993
3724,0.018522214,0.9783998,0.0014046193,0.00167331
1787,0.082243465,0.90906477,0.003230874,0.0054608397
1185,0.0011914088,0.9987834,1.4538164e-05,1.0700752e-05
5466,0.9922497,0.0019171026,0.0007131301,0.0051201293
5378,0.9858743,0.0036909604,0.0012519553,0.0091827875
7611,0.9979729,0.0017285912,0.00014185894,0.00015658626
1630,0.4299822,0.55858386,0.0049819867,0.006451953
354,0.2969344,0.69745994,0.0029313306,0.0026743356
4495,0.9837022,0.012544241,0.0011692144,0.0025844153
347,0.44084448,0.5386803,0.006876737,0.013598423
27903,0.24190345,0.0025212783,0.005393781,0.7501815
27886,0.008670645,0.14740278,0.0027887616,0.8411378
27753,0.01636682,0.041222468,0.007258654,0.9351521
6600,0.9698453,0.028625086,0.00070548756,0.0008241475
107,0.0015790425,0.9982331,9.062383e-05,9.725958e-05
3031,0.076264516,0.8724084,0.0087707,0.042556446
8036,0.9969414,0.0019578766,0.0003117503,0.00078900706
5555,0.9953057,0.0022406224,0.0006200162,0.0018337086
6401,0.9990277,0.0006928531,0.0001002343,0.0001791234
1302,0.44063494,0.5554727,0.0022067777,0.0016855708
7389,0.98032504,0.014183301,0.0015823,0.003909409
6027,0.9991818,0.0004764498,0.000107356354,0.00023439102
51,0.007885262,0.99204785,4.4507902e-05,2.2355363e-05
9105,0.99841416,0.0012468816,0.00013430057,0.00020461797
4679,0.9800642,0.01929295,0.00033721063,0.00030556595
4353,0.98797566,0.009217059,0.00097117876,0.0018360701
1151,0.9964289,0.003048441,0.00020179927,0.00032089467
7308,0.87963074,0.1164562,0.0019259523,0.0019870822
2919,0.02319695,0.97401583,0.0012290616,0.0015581903
9805,0.98256195,0.0017358902,0.0018679234,0.013834254
2850,0.033541113,0.961997,0.0018297805,0.0026321437
3441,0.016930463,0.98246735,0.00033458194,0.0002676359
4546,0.9951106,0.004428417,0.00020403351,0.00025699934
7850,0.98249775,0.0074735354,0.0018640038,0.008164771
1638,0.0030298543,0.9966534,0.00015665118,0.00016015575
8987,0.9973832,0.001089323,0.00033652468,0.0011909726
1633,0.2879263,0.6904904,0.008093495,0.013489761
3734,0.16922547,0.82521725,0.0023510365,0.0032063168
2167,0.1945291,0.5583022,0.03117714,0.2159916
10385,0.8580521,0.0009859565,0.00082066405,0.14014134
3547,0.36363015,0.63135594,0.0025942714,0.002419608
9724,0.98322856,0.001656624,0.0018006337,0.013314219
8823,0.9987702,0.00084757735,0.0001346056,0.00024759976
1318,0.01028862,0.9895499,0.0001031554,5.8300146e-05
170,0.810424,0.18818831,0.0007037242,0.00068393676
2534,0.012941626,0.98675644,0.00016796548,0.0001339927
132,0.10521233,0.89055836,0.0019192225,0.0023100951
26906,0.0011181702,0.04509306,0.0010254161,0.9527634
5766,0.8691002,0.11726392,0.004081064,0.009554861
712,0.0038594222,0.9960299,6.671651e-05,4.3915996e-05
555,0.00012942725,0.9998485,9.339582e-06,1.2669988e-05
6222,0.75740546,0.048997723,0.01159022,0.18200657
2799,0.94839984,0.010547005,0.003409339,0.03764391
4135,0.99864584,0.0008332296,0.00012866363,0.0003922524
1078,0.0019741731,0.99791044,6.2931475e-05,5.247857e-05
6686,0.9990632,0.0006993507,8.309328e-05,0.00015434704
8742,0.045100674,0.004193306,0.0033765815,0.94732946
4419,0.99507385,0.0041216724,0.00034965653,0.00045486318
28828,0.014137955,0.006913788,0.004170955,0.97477734
27414,0.00073884253,0.0007915889,0.00023886048,0.99823076
7467,0.9880288,0.00570317,0.0008279479,0.005440062
8038,0.99859446,0.0010776363,0.00012840169,0.00019946067
3104,0.024931053,0.97487426,0.00012247759,7.215607e-05
6890,0.99879104,0.0009960083,9.7885255e-05,0.0001150684
10371,0.9831444,0.0016580723,0.0018033718,0.013394131
28727,0.0005576723,0.0010038799,0.0002937405,0.9981446
28270,0.006355605,0.040872883,0.0034746965,0.9492968
3078,0.028537376,0.96999604,0.0007795214,0.0006870693
448,0.036896378,0.9577479,0.0021866406,0.003169076
6709,0.9791231,0.010026578,0.0026976534,0.008152647
10514,0.99991,1.3718708e-05,4.3678933e-06,7.1977e-05
28620,0.0027983694,0.0049635475,0.0014380915,0.99079996
583,0.00023169369,0.9994375,7.305328e-05,0.00025763258
10413,0.9997322,1.5900307e-05,2.2899345e-05,0.00022901081
27202,0.656633,0.004368235,0.00504002,0.3339587
7581,0.99770385,0.0016249266,0.00024110159,0.0004302201
2552,0.90300876,0.04500291,0.008197955,0.04379043
8635,0.99114203,0.00737258,0.0005733656,0.0009121128
10915,0.98256195,0.0017358902,0.0018679234,0.013834254
1092,0.114523984,0.88509935,0.00022944114,0.00014726122
5718,0.9848306,0.013257268,0.00078954437,0.001122582
8501,0.998346,0.0013492967,0.00012468605,0.00018006166
4759,0.99841535,0.0010007407,0.00017772216,0.00040614136
1669,0.007812876,0.9921588,1.9453544e-05,8.891781e-06
2245,0.0012853749,0.9986124,5.355841e-05,4.872811e-05
3689,0.15317275,0.81356126,0.011064937,0.022201125
1070,0.0033277473,0.99657923,5.615491e-05,3.6897174e-05
6428,0.9442214,0.029335454,0.0051786033,0.021264497
28607,0.33482417,0.45799056,0.03130794,0.1758773
9808,0.98312473,0.0016584669,0.0018040754,0.013412696
2531,0.9181428,0.08021265,0.0009242859,0.00072022394
26515,0.16106984,0.3021804,0.039519705,0.4972301
26756,0.002393671,0.06396877,0.0015392578,0.9320983
5699,0.9981388,0.0012948072,0.00020874121,0.00035766646
2472,0.050288744,0.94907445,0.00036447824,0.00027242998
10318,0.9999161,5.1868672e-05,9.23949e-06,2.277761e-05
10762,1.0,2.1825522e-37,0.0,1.9650046e-16
1790,0.13458394,0.8312663,0.003138047,0.031011732
10577,0.9687936,0.0009137608,0.0006975094,0.029595135
4369,0.99874204,0.00075554615,0.00016237669,0.00034009077
1842,0.024405897,0.97550946,5.5808803e-05,2.8886869e-05
3198,0.09457668,0.9044611,0.0005479214,0.0004143087
5838,0.9823376,0.0063852435,0.0022565683,0.009020683
5089,0.997463,0.0020850345,0.00019378542,0.00025823558
1437,0.0119433105,0.98797476,5.398116e-05,2.8044824e-05
1744,0.95594376,0.005474998,0.0023121478,0.03626911
1814,0.91858757,0.07947429,0.0009821112,0.00095604296
1147,0.019207751,0.97818714,0.0012830618,0.0013220754
3716,0.6385147,0.31192228,0.013248493,0.036314547
9695,0.9831972,0.0016571085,0.0018015993,0.013344104
9864,0.9998919,7.0860624e-05,1.1086105e-05,2.6248557e-05
8158,0.34582323,0.004551871,0.0065555414,0.6430693
240,0.006597112,0.99312264,0.00015432092,0.00012595643
1378,0.00051372556,0.9993924,4.082925e-05,5.3026324e-05
7272,0.9978886,0.0014581205,0.00023297143,0.00042030186
1058,0.000503997,0.9994748,1.2058053e-05,9.151482e-06
3013,0.36724377,0.63126355,0.000856904,0.0006357824
3089,0.9964289,0.003048441,0.00020179927,0.00032089467
1020,0.18764798,0.7899595,0.005300035,0.017092513
4713,0.9877457,0.010620892,0.00069710397,0.0009363317
27562,3.634463e-05,1.9860003e-05,8.1135295e-06,0.9999356
27220,0.0890322,0.0017685596,0.0014508786,0.9077484
2318,0.0017017664,0.9981988,5.3753138e-05,4.5772747e-05
2518,0.083492815,0.8831006,0.009585079,0.023821505
935,0.045106128,0.954399,0.0003133445,0.00018155892
2391,0.01337588,0.981202,0.0020260415,0.0033960708
9745,0.9832464,0.0016563556,0.0018000845,0.013297223
10880,0.9999106,5.4193988e-05,8.957221e-06,2.6200129e-05
458,0.0103328,0.9894357,0.00014120717,9.0322006e-05
4199,0.97533435,0.008509151,0.0023237946,0.013832708
1800,0.0007463089,0.99918514,3.4869878e-05,3.3595268e-05
2099,0.6854539,0.30448067,0.0043253917,0.0057400255
1585,0.6107593,0.38599774,0.0018944073,0.0013485473
3567,0.8017641,0.19362663,0.0021302674,0.0024790564
5342,0.98954237,0.008438056,0.0008388791,0.0011806159
8018,0.9809683,0.00048339012,0.00048461813,0.018063668
8188,0.9901929,0.008504992,0.0005085891,0.000793471
9798,0.99958426,0.00029378379,4.0051007e-05,8.199513e-05
5820,0.9988875,0.000845351,0.00010090758,0.00016633244
1219,0.04249782,0.9569581,0.00032223776,0.00022179793
27743,0.01891591,0.032462794,0.008486278,0.94013506
3336,0.88687485,0.110212214,0.0014290662,0.0014837869
2806,0.01563821,0.98417836,3.169765e-05,0.00015162927
4727,0.9897453,0.009575363,0.00034229527,0.00033706432
6041,0.03150486,0.9219665,0.009553297,0.036975343
8157,0.99919504,0.0003807717,0.00010762758,0.00031652456
6095,0.9952224,0.002988007,0.0006834742,0.0011060324
6757,0.97579944,0.01153531,0.0026908903,0.009974409
6772,0.99809045,0.0011535966,0.00023715735,0.000518769
3128,0.44332078,0.5157232,0.011132506,0.02982352
10446,0.877709,0.0024611813,0.000862044,0.11896781
28681,0.31652552,0.0016794122,0.0028044952,0.67899054
8634,0.99410075,0.0032964954,0.00061651575,0.0019862542
7416,0.9915229,0.005356121,0.00080664566,0.002314282
7083,0.9983089,0.0014781503,9.873455e-05,0.00011411171
8028,0.9989028,0.0008917131,8.951707e-05,0.00011602966
7439,0.9978672,0.0017501903,0.00016211632,0.0002204622
4944,0.9924199,0.006073725,0.0004966836,0.0010097594
5121,0.95858806,0.040590223,0.00043072435,0.00039102722
2076,0.0038907528,0.9950335,0.00045647452,0.00061927113
10932,0.983117,0.0016586246,0.0018043563,0.013420127
519,0.0028574993,0.99490017,0.0007272987,0.0015151423
1022,0.04826631,0.95146346,0.0001754735,9.4864554e-05
28137,0.0013517154,0.07952219,0.0011417728,0.91798425
9716,1.0,2.044241e-23,8.268604e-21,1.3164118e-08
8941,0.99945325,0.00032688497,6.2392144e-05,0.00015741594
3335,0.08750022,0.91162765,0.000500878,0.00037125472
2064,0.0210474,0.9775737,0.00076522987,0.00061364286
4751,0.5896511,0.40805414,0.001372085,0.00092272484
27556,1.0017304e-05,4.561675e-08,5.8237868e-12,0.99999
4639,0.9391355,0.047400672,0.0037619912,0.009701886
7495,0.9932783,0.0019295615,0.0008026884,0.0039893975
9102,0.99790394,0.0012840825,0.00024456796,0.0005674934
7592,0.9849421,0.0060060197,0.0017462594,0.007305722
9162,0.99655616,0.0025517745,0.00035052624,0.0005415139
8291,0.9864937,0.0076790955,0.0013503452,0.004476794
2389,0.083393276,0.91419107,0.0012407784,0.0011749
27453,0.12565394,0.0052080904,0.0063948655,0.8627432
3483,0.58797634,0.39853764,0.0055536204,0.007932433
5644,0.9979996,0.0016001752,0.0001720607,0.0002281611
625,9.354733e-05,0.99974185,2.794559e-05,0.0001366309
